vendor_id,industry_category,industry_risk_factor,years_in_business,total_orders,orders_last_month,on_time_deliveries,late_deliveries,avg_delivery_delay_days,on_time_delivery_rate,total_invoices,avg_invoice_amount,payment_delay_days_avg,payment_disputes_count,total_disputes,delivery_issues_count,quality_issues_count,dispute_resolution_time_avg,disputes_last_month,avg_monthly_disputes,manual_reliability_rating,preferred_vendor_flag,risk_level,predicted_delay_flag
V001,IT Services,0.2,9,387,25,330,57,0.3,0.85,389,30299,0.1,3,14,4,7,12.1,0,0.13,3.5,0,LOW,0
V002,Electronics,0.3,14,300,10,257,43,0.8,0.86,298,49833,0.3,2,11,3,6,3.7,0,0.07,3.0,0,LOW,0
V003,Electronics,0.3,21,500,25,495,5,0.0,0.99,508,32670,1.9,5,20,7,8,2.9,0,0.08,3.6,0,LOW,0
V004,Construction,0.7,11,250,12,244,6,0.1,0.98,253,12917,7.2,3,14,6,5,3.5,0,0.11,3.9,0,LOW,0
V005,Food & Beverage,0.6,12,380,16,284,96,7.6,0.75,383,53197,0.3,8,26,10,8,3.1,0,0.18,2.7,0,MEDIUM,0
V006,Food & Beverage,0.6,10,350,19,228,122,1.0,0.65,356,7111,4.9,6,28,8,14,2.4,2,0.23,3.2,0,MEDIUM,0
V007,Healthcare,0.5,8,160,6,158,2,0.2,0.99,158,58427,0.1,1,5,2,2,3.9,0,0.05,5.0,0,LOW,0
V008,Logistics,0.5,22,1290,53,1238,52,0.6,0.96,1293,31615,2.9,28,74,31,15,5.4,0,0.28,4.5,0,LOW,0
V009,Construction,0.7,8,376,13,320,56,0.8,0.85,376,31480,4.2,7,26,12,7,3.3,0,0.27,3.3,0,MEDIUM,0
V010,Electronics,0.3,11,1520,71,1387,133,3.1,0.91,1518,12967,4.5,22,61,28,11,5.9,2,0.46,4.2,0,LOW,1
V011,IT Services,0.2,19,250,7,247,3,0.0,0.99,255,28596,1.4,1,6,2,3,4.7,0,0.03,4.0,0,LOW,0
V012,Textiles,0.4,5,815,31,665,150,3.6,0.82,817,28496,6.6,14,47,16,17,3.5,1,0.78,3.6,0,MEDIUM,1
V013,Chemicals,0.8,8,288,12,225,63,0.8,0.78,287,17000,0.5,7,26,11,8,5.4,1,0.27,3.8,0,MEDIUM,0
V014,Construction,0.7,22,330,16,309,21,1.5,0.94,338,39610,0.3,4,23,8,11,11.0,0,0.09,4.9,0,MEDIUM,0
V015,Electronics,0.3,18,300,14,261,39,1.6,0.87,298,23589,0.4,4,14,6,4,7.9,0,0.06,3.6,0,LOW,0
V016,Healthcare,0.5,11,1490,73,1475,15,0.5,0.99,1488,27652,1.5,16,58,22,20,3.4,0,0.44,5.0,0,LOW,0
V017,Healthcare,0.5,25,1330,67,1316,14,0.6,0.99,1330,5881,4.5,16,43,20,7,12.9,0,0.14,4.4,0,LOW,0
V018,Electronics,0.3,5,140,3,138,2,0.5,0.99,146,142311,2.1,0,2,0,2,3.3,0,0.03,4.8,1,LOW,0
V019,Manufacturing,0.3,16,330,12,326,4,0.5,0.99,328,33282,1.7,2,6,2,2,2.5,0,0.03,4.1,0,LOW,0
V020,Healthcare,0.5,8,1600,64,1287,313,3.0,0.8,1598,22314,1.7,32,94,43,19,5.4,0,0.98,4.3,0,MEDIUM,0
V021,Electronics,0.3,5,420,15,415,5,1.4,0.99,430,35684,6.2,2,10,4,4,14.3,0,0.17,5.0,0,LOW,0
V022,Retail,0.4,25,1850,88,1831,19,0.2,0.99,1851,14093,0.4,11,45,22,12,6.1,1,0.15,5.0,0,LOW,0
V023,Textiles,0.4,15,620,18,613,7,0.7,0.99,618,23187,2.4,3,13,4,6,8.1,0,0.07,5.0,0,LOW,0
V024,Retail,0.4,1,103,10,88,15,0.1,0.86,101,13556,1.3,1,6,2,3,5.9,0,0.5,4.4,0,MEDIUM,0
V025,Logistics,0.5,8,512,8,386,126,0.4,0.75,515,65444,1.5,10,37,15,12,9.3,0,0.39,2.9,0,MEDIUM,0
V026,Chemicals,0.8,8,176,10,148,28,0.1,0.84,186,10180,0.6,3,14,4,7,2.9,0,0.15,4.4,0,MEDIUM,0
V027,Food & Beverage,0.6,24,590,28,521,69,1.4,0.88,588,114846,1.6,13,40,17,10,3.4,0,0.14,3.5,0,MEDIUM,1
V028,Logistics,0.5,4,100,4,99,1,0.5,0.99,102,14185,0.9,0,2,0,2,6.9,0,0.04,4.5,1,LOW,0
V029,Healthcare,0.5,3,351,16,314,37,0.0,0.9,360,12085,1.8,4,20,8,8,16.1,1,0.56,3.6,0,MEDIUM,0
V030,Manufacturing,0.3,25,590,35,584,6,1.6,0.99,592,13542,0.8,1,7,2,4,11.3,0,0.02,5.0,0,LOW,0
V031,Manufacturing,0.3,1,104,4,83,21,1.0,0.81,111,41341,0.4,1,4,1,2,8.9,2,0.33,4.5,0,MEDIUM,1
V032,Electronics,0.3,16,400,24,396,4,0.3,0.99,399,50282,0.2,2,8,3,3,13.6,0,0.04,5.0,0,LOW,0
V033,Electronics,0.3,11,1070,41,952,118,4.5,0.89,1068,19338,1.7,15,48,19,14,7.0,0,0.36,3.2,0,MEDIUM,0
V034,Construction,0.7,17,750,36,479,271,2.0,0.64,748,23761,1.7,13,62,19,30,12.9,0,0.3,2.7,0,MEDIUM,0
V035,Food & Beverage,0.6,19,260,7,183,77,0.3,0.71,262,28104,3.6,6,21,8,7,2.4,0,0.09,3.0,0,MEDIUM,0
V036,Chemicals,0.8,11,240,9,201,39,8.8,0.84,243,10738,4.5,5,17,6,6,6.1,0,0.13,3.4,0,MEDIUM,1
V037,Construction,0.7,10,1380,47,1266,114,0.1,0.92,1389,16503,0.4,33,87,42,12,2.6,2,0.72,3.8,0,MEDIUM,1
V038,Chemicals,0.8,4,144,3,142,2,1.8,0.99,142,27559,0.2,2,10,3,5,6.0,1,0.21,4.2,0,MEDIUM,0
V039,IT Services,0.2,12,690,32,683,7,1.2,0.99,694,135413,0.1,1,5,2,2,3.6,1,0.03,5.0,0,LOW,0
V040,Electronics,0.3,18,360,11,292,68,1.3,0.81,364,10309,7.3,4,20,9,7,23.4,0,0.09,3.7,0,LOW,1
V041,IT Services,0.2,5,290,10,287,3,1.2,0.99,293,36023,3.5,0,2,0,2,17.0,0,0.03,4.3,1,LOW,0
V042,Healthcare,0.5,9,1386,67,1372,14,0.0,0.99,1384,71642,8.7,21,67,31,15,2.8,1,0.62,3.8,0,LOW,1
V043,Logistics,0.5,21,1950,80,1930,20,1.0,0.99,1953,20837,3.4,26,75,30,19,30.0,1,0.3,4.2,0,LOW,0
V044,Manufacturing,0.3,23,490,22,453,37,1.7,0.93,489,5000,0.2,4,24,8,12,7.6,0,0.09,4.4,0,LOW,0
V045,Food & Beverage,0.6,10,930,39,794,136,3.1,0.85,936,127432,1.5,25,67,22,20,2.7,0,0.56,3.5,0,MEDIUM,1
V046,IT Services,0.2,18,800,28,792,8,0.0,0.99,808,63476,1.0,7,22,10,5,4.9,1,0.1,3.5,0,LOW,0
V047,Construction,0.7,6,336,17,332,4,1.5,0.99,344,30659,0.5,3,15,7,5,15.1,0,0.21,4.2,0,MEDIUM,0
V048,Food & Beverage,0.6,24,2000,83,1875,125,1.5,0.94,2002,19478,0.4,22,95,41,32,2.7,0,0.33,4.2,0,LOW,0
V049,Manufacturing,0.3,8,216,8,213,3,0.1,0.99,217,9967,0.2,1,4,1,2,2.6,0,0.04,4.7,1,LOW,0
V050,Retail,0.4,7,385,18,288,97,4.8,0.75,392,10941,4.1,5,22,6,11,14.7,0,0.26,3.5,0,MEDIUM,1
V051,Logistics,0.5,13,360,11,356,4,0.5,0.99,365,5000,0.9,2,13,6,5,5.1,0,0.08,4.5,0,LOW,0
V052,Healthcare,0.5,20,550,23,429,121,1.8,0.78,558,5000,0.6,12,37,13,12,4.4,0,0.15,3.4,0,MEDIUM,1
V053,Electronics,0.3,19,390,12,382,8,0.8,0.98,391,53190,1.4,3,17,6,8,2.5,0,0.07,4.5,0,LOW,0
V054,Electronics,0.3,24,480,14,475,5,0.2,0.99,481,55613,0.9,2,10,4,4,23.5,0,0.03,5.0,0,LOW,0
V055,Chemicals,0.8,4,132,2,93,39,1.0,0.71,136,14567,0.6,3,13,4,6,13.4,0,0.27,1.9,0,MEDIUM,0
V056,Healthcare,0.5,7,1547,53,1531,16,1.7,0.99,1555,27926,0.6,29,76,33,14,2.9,3,0.9,4.2,0,LOW,0
V057,Chemicals,0.8,13,360,18,284,76,2.1,0.79,358,5000,0.8,6,27,10,11,2.6,0,0.17,3.8,0,MEDIUM,1
V058,Logistics,0.5,15,280,11,238,42,0.1,0.85,281,9316,0.1,4,16,7,5,25.0,0,0.09,3.8,0,LOW,0
V059,Construction,0.7,10,1030,38,968,62,1.0,0.94,1035,93112,1.6,22,63,28,13,4.1,3,0.53,3.9,0,MEDIUM,0
V060,Retail,0.4,5,145,6,143,2,0.1,0.99,143,32677,2.2,0,2,0,2,5.7,0,0.03,4.5,1,LOW,0
V061,IT Services,0.2,21,1240,49,1215,25,0.3,0.98,1241,8037,0.7,10,30,11,9,8.9,0,0.12,4.7,0,LOW,0
V062,Manufacturing,0.3,25,440,19,435,5,0.5,0.99,438,5021,0.3,1,7,3,3,9.9,0,0.02,5.0,0,LOW,0
V063,Textiles,0.4,8,464,14,399,65,0.1,0.86,462,9357,1.7,6,27,10,11,9.2,1,0.28,4.1,0,MEDIUM,0
V064,Electronics,0.3,25,280,9,277,3,0.6,0.99,289,88071,1.6,3,9,4,2,3.5,0,0.03,5.0,0,LOW,0
V065,Electronics,0.3,6,180,9,178,2,1.3,0.99,190,39746,2.5,1,6,2,3,2.8,0,0.08,3.6,0,LOW,0
V066,Electronics,0.3,8,688,28,681,7,2.1,0.99,691,278923,1.0,4,22,7,11,2.3,0,0.23,4.6,0,LOW,1
V067,Logistics,0.5,3,303,11,299,4,0.2,0.99,302,41280,2.7,2,9,3,4,5.0,0,0.25,4.1,0,LOW,0
V068,IT Services,0.2,11,290,12,287,3,1.2,0.99,299,64890,2.0,1,7,3,3,2.1,0,0.05,3.5,0,LOW,0
V069,Chemicals,0.8,1,29,1,22,7,17.3,0.79,36,18684,2.1,0,2,0,2,6.5,0,0.17,3.7,0,HIGH,0
V070,Food & Beverage,0.6,24,1340,49,1271,69,0.1,0.95,1342,287772,0.2,19,79,30,30,9.5,0,0.27,3.3,0,LOW,1
V071,Logistics,0.5,13,570,23,546,24,0.1,0.96,570,27002,4.0,9,25,12,4,16.6,0,0.16,4.7,0,LOW,0
V072,Food & Beverage,0.6,22,460,22,400,60,0.0,0.87,458,10889,3.3,7,23,7,9,2.1,0,0.09,3.6,0,LOW,0
V073,Manufacturing,0.3,11,1000,35,936,64,0.4,0.94,1001,17514,2.6,10,40,18,12,11.7,1,0.3,3.5,0,LOW,0
V074,Food & Beverage,0.6,3,111,2,86,25,0.7,0.78,121,5000,6.7,1,5,1,3,10.5,0,0.14,4.3,0,MEDIUM,0
V075,Retail,0.4,25,350,13,346,4,0.3,0.99,348,5361,1.6,3,9,3,3,4.9,0,0.03,4.9,0,LOW,1
V076,Construction,0.7,16,1000,40,743,257,0.9,0.74,998,190087,0.9,31,82,32,19,2.8,2,0.43,3.5,0,MEDIUM,1
V077,Logistics,0.5,20,290,9,213,77,2.4,0.74,288,38248,2.1,6,17,5,6,10.9,0,0.07,4.3,0,MEDIUM,1
V078,Healthcare,0.5,13,740,29,732,8,0.4,0.99,747,15552,1.8,8,37,15,14,3.4,0,0.24,4.2,0,LOW,0
V079,Retail,0.4,25,370,14,321,49,1.0,0.87,374,5000,2.2,7,23,7,9,15.8,0,0.08,3.9,0,LOW,0
V080,Manufacturing,0.3,14,220,9,200,20,0.4,0.91,226,36305,2.4,1,5,1,3,3.6,0,0.03,4.4,0,LOW,0
V081,Textiles,0.4,12,420,17,376,44,2.0,0.9,429,24824,3.3,5,26,8,13,7.4,0,0.18,3.3,0,MEDIUM,0
V082,Healthcare,0.5,18,530,32,524,6,0.6,0.99,540,49935,0.1,7,25,11,7,8.0,0,0.12,4.3,0,LOW,0
V083,Retail,0.4,3,447,18,442,5,0.9,0.99,450,53450,0.1,2,12,4,6,6.5,0,0.33,4.2,0,LOW,0
V084,Food & Beverage,0.6,16,840,24,754,86,1.2,0.9,845,11492,2.9,16,54,20,18,12.9,0,0.28,4.1,0,MEDIUM,1
V085,Healthcare,0.5,23,330,12,326,4,0.5,0.99,333,5000,4.1,2,13,6,5,22.7,0,0.05,3.8,0,LOW,1
V086,Food & Beverage,0.6,25,860,31,694,166,1.3,0.81,862,8053,0.8,15,54,23,16,2.2,0,0.18,3.3,0,MEDIUM,1
V087,Manufacturing,0.3,8,1912,78,1594,318,9.0,0.83,1919,43591,3.1,22,91,39,30,2.5,3,0.95,3.2,0,MEDIUM,1
V088,Electronics,0.3,14,2000,76,1980,20,0.5,0.99,2005,29412,0.5,19,57,20,18,3.0,0,0.34,5.0,0,LOW,0
V089,IT Services,0.2,11,300,16,297,3,0.6,0.99,298,12447,0.3,1,6,2,3,10.5,0,0.05,5.0,0,LOW,0
V090,Retail,0.4,9,576,25,570,6,1.0,0.99,580,11934,4.4,5,15,5,5,17.6,1,0.14,4.4,0,LOW,0
V091,Healthcare,0.5,18,730,31,487,243,0.9,0.67,729,6264,2.6,10,50,15,25,5.4,0,0.23,3.6,0,MEDIUM,1
V092,Construction,0.7,25,230,20,195,35,3.2,0.85,240,18636,1.2,4,12,4,4,8.8,0,0.04,3.9,0,MEDIUM,1
V093,Textiles,0.4,2,210,7,182,28,2.3,0.87,213,191617,0.2,2,10,3,5,9.2,1,0.42,4.5,0,MEDIUM,0
V094,Chemicals,0.8,2,308,15,209,99,1.1,0.68,307,15321,2.6,7,22,10,5,4.1,1,0.92,3.7,0,MEDIUM,1
V095,Retail,0.4,25,1220,56,1129,91,1.7,0.93,1228,20624,1.2,22,69,29,18,3.6,1,0.23,3.0,0,LOW,0
V096,Food & Beverage,0.6,15,990,45,862,128,0.1,0.87,994,67633,1.0,25,63,22,16,17.1,0,0.35,4.4,0,LOW,0
V097,Chemicals,0.8,4,192,10,176,16,3.0,0.92,193,93317,1.9,3,14,6,5,19.2,0,0.29,4.3,0,MEDIUM,1
V098,Construction,0.7,6,558,25,498,60,0.0,0.89,556,26809,4.8,11,38,15,12,5.3,0,0.53,4.0,0,MEDIUM,1
V099,Retail,0.4,10,260,13,237,23,0.1,0.91,269,5267,1.7,3,10,4,3,3.6,0,0.08,3.6,0,LOW,0
V100,Chemicals,0.8,7,140,4,107,33,3.6,0.77,148,31956,0.1,2,8,3,3,5.3,0,0.1,3.9,0,MEDIUM,0
V101,Construction,0.7,6,198,6,140,58,0.3,0.71,202,5000,1.3,6,18,7,5,2.2,0,0.25,2.5,0,MEDIUM,1
V102,IT Services,0.2,10,610,28,603,7,0.1,0.99,617,89264,0.1,3,12,4,5,15.8,0,0.1,5.0,0,LOW,1
V103,Manufacturing,0.3,24,580,27,574,6,0.2,0.99,585,41571,3.4,2,10,3,5,2.4,0,0.03,5.0,0,LOW,0
V104,Chemicals,0.8,1,50,3,34,16,0.2,0.69,53,11482,6.2,1,5,2,2,3.2,1,0.42,3.3,0,MEDIUM,1
V105,Textiles,0.4,6,180,11,178,2,0.6,0.99,188,19717,2.7,2,7,3,2,4.8,0,0.1,4.1,0,LOW,0
V106,Food & Beverage,0.6,22,840,35,784,56,3.5,0.93,838,5000,2.7,14,55,24,17,14.2,0,0.21,3.2,0,MEDIUM,1
V107,Food & Beverage,0.6,18,680,30,673,7,1.2,0.99,678,11096,0.6,7,33,11,15,3.4,1,0.15,4.3,0,LOW,1
V108,Food & Beverage,0.6,1,34,2,32,2,0.2,0.95,43,6935,1.5,0,2,0,2,19.4,0,0.17,4.5,1,MEDIUM,0
V109,Textiles,0.4,25,730,27,709,21,0.0,0.97,728,16774,0.4,6,24,7,11,5.7,0,0.08,4.3,0,LOW,0
V110,Textiles,0.4,21,340,15,309,31,0.3,0.91,342,51383,1.3,4,21,8,9,11.3,0,0.08,4.2,0,LOW,0
V111,IT Services,0.2,4,256,15,249,7,0.0,0.97,265,12696,1.5,1,5,1,3,15.8,0,0.1,4.1,0,LOW,0
V112,Healthcare,0.5,9,1395,54,1258,137,0.1,0.9,1403,25319,4.0,27,70,24,19,5.0,1,0.65,4.2,0,LOW,0
V113,Food & Beverage,0.6,20,740,24,615,125,0.7,0.83,739,7786,3.4,13,51,23,15,19.5,0,0.21,3.0,0,MEDIUM,1
V114,Electronics,0.3,1,121,9,109,12,4.0,0.9,125,66537,0.5,1,7,2,4,7.4,0,0.58,4.6,0,MEDIUM,0
V115,Textiles,0.4,15,720,22,712,8,1.0,0.99,730,30600,3.1,4,18,8,6,6.2,0,0.1,4.7,0,LOW,0
V116,Logistics,0.5,23,390,18,386,4,0.7,0.99,392,16357,3.4,4,15,7,4,2.6,0,0.05,5.0,0,LOW,0
V117,Logistics,0.5,23,200,8,198,2,0.6,0.99,207,10936,1.9,3,9,4,2,5.1,0,0.03,4.4,0,LOW,0
V118,Construction,0.7,2,104,1,83,21,1.4,0.8,103,93468,2.3,3,9,3,3,6.7,2,0.38,2.7,0,MEDIUM,1
V119,Textiles,0.4,15,1750,86,1453,297,0.3,0.83,1748,38294,1.3,23,101,47,31,3.5,0,0.56,4.0,0,LOW,0
V120,IT Services,0.2,9,522,19,516,6,0.6,0.99,527,12048,0.3,4,13,5,4,3.0,0,0.12,3.8,0,LOW,0
V121,Electronics,0.3,11,300,13,297,3,0.1,0.99,310,8628,6.6,2,12,3,7,5.3,0,0.09,3.9,0,LOW,0
V122,Healthcare,0.5,24,700,41,693,7,0.9,0.99,698,16581,0.5,8,22,9,5,6.7,0,0.08,5.0,0,LOW,0
V123,IT Services,0.2,23,1110,57,1098,12,0.2,0.99,1114,10928,3.5,4,22,10,8,4.8,0,0.08,4.6,0,LOW,0
V124,Logistics,0.5,8,400,18,353,47,2.0,0.88,408,15458,0.2,7,23,7,9,2.1,0,0.24,4.1,0,MEDIUM,1
V125,Chemicals,0.8,20,660,28,653,7,0.3,0.99,662,5000,13.2,16,44,14,14,2.7,0,0.18,3.3,0,LOW,0
V126,Healthcare,0.5,22,830,27,695,135,3.9,0.84,828,5000,0.2,16,43,18,9,2.4,1,0.16,4.2,0,LOW,1
V127,Textiles,0.4,19,390,13,386,4,0.0,0.99,394,10198,3.2,4,11,4,3,3.3,0,0.05,5.0,0,LOW,0
V128,Healthcare,0.5,13,580,21,505,75,1.7,0.87,590,117309,1.3,8,33,13,12,2.3,0,0.21,3.7,0,MEDIUM,0
V129,Healthcare,0.5,22,1780,65,1365,415,0.3,0.77,1787,5357,1.2,24,123,58,41,9.1,0,0.47,3.8,0,MEDIUM,0
V130,Manufacturing,0.3,24,1500,56,1485,15,0.1,0.99,1510,74094,1.5,7,22,7,8,6.9,0,0.08,5.0,0,LOW,0
V131,Retail,0.4,20,900,43,891,9,0.0,0.99,903,5818,5.5,11,34,15,8,6.0,0,0.14,3.9,0,LOW,0
V132,Construction,0.7,21,650,27,515,135,2.1,0.79,648,23904,1.4,15,42,12,15,12.5,1,0.17,3.8,0,MEDIUM,1
V133,Construction,0.7,10,980,37,627,353,3.6,0.64,985,15475,1.3,24,86,29,33,20.6,2,0.72,4.2,0,MEDIUM,1
V134,Logistics,0.5,9,828,28,784,44,0.8,0.95,828,15188,0.1,15,40,19,6,2.1,0,0.37,3.6,0,LOW,0
V135,Healthcare,0.5,11,1840,78,1763,77,0.4,0.96,1838,11538,1.2,29,74,24,21,2.6,1,0.56,5.0,0,LOW,0
V136,Food & Beverage,0.6,18,280,11,277,3,2.6,0.99,286,25557,12.3,3,9,2,4,3.4,0,0.04,4.4,0,LOW,0
V137,Textiles,0.4,24,260,9,241,19,1.1,0.93,263,26118,11.4,3,13,5,5,10.4,0,0.05,4.5,0,LOW,0
V138,Retail,0.4,20,570,23,521,49,3.3,0.91,575,5614,0.9,6,25,7,12,4.7,0,0.1,4.0,0,LOW,0
V139,Healthcare,0.5,4,344,18,337,7,0.0,0.98,343,5000,0.6,5,13,4,4,9.1,0,0.27,3.5,0,LOW,0
V140,IT Services,0.2,18,200,9,198,2,0.3,0.99,199,14139,2.7,2,7,3,2,5.2,0,0.03,3.7,0,LOW,0
V141,Electronics,0.3,24,450,18,442,8,0.6,0.98,449,62311,1.2,4,15,7,4,3.5,0,0.05,5.0,0,LOW,0
V142,Healthcare,0.5,12,730,39,534,196,2.9,0.73,731,22742,0.3,14,51,17,20,8.7,0,0.35,2.9,0,MEDIUM,1
V143,Logistics,0.5,21,770,18,731,39,0.1,0.95,776,26494,0.0,9,35,11,15,17.7,0,0.14,3.4,0,LOW,1
V144,Textiles,0.4,7,287,15,226,61,0.6,0.79,285,72092,0.6,5,14,4,5,2.1,0,0.17,3.9,0,MEDIUM,1
V145,Chemicals,0.8,25,1910,74,1201,709,0.7,0.63,1911,98847,0.4,42,173,81,50,6.8,2,0.58,2.7,0,MEDIUM,1
V146,Construction,0.7,20,2000,86,1980,20,0.7,0.99,1998,37733,0.4,43,116,38,35,4.1,1,0.48,4.6,0,LOW,1
V147,Healthcare,0.5,4,172,6,170,2,0.2,0.99,170,49798,3.4,1,5,2,2,11.9,0,0.1,4.4,0,LOW,0
V148,Logistics,0.5,9,810,33,624,186,3.9,0.77,808,42739,0.4,19,55,22,14,5.9,2,0.51,3.8,0,MEDIUM,1
V149,Textiles,0.4,12,290,16,287,3,0.7,0.99,288,22500,1.6,3,13,6,4,6.5,0,0.09,4.4,0,LOW,1
V150,Electronics,0.3,21,780,40,688,92,2.1,0.88,778,19178,0.0,10,27,12,5,3.4,0,0.11,3.5,0,LOW,0
V151,IT Services,0.2,15,2000,69,1980,20,0.4,0.99,1998,39679,2.6,10,38,12,16,6.8,0,0.21,5.0,0,LOW,1
V152,Chemicals,0.8,18,600,23,493,107,0.5,0.82,605,45359,16.8,17,45,18,10,4.3,0,0.21,3.4,0,MEDIUM,0
V153,Chemicals,0.8,23,840,43,588,252,3.6,0.7,838,5000,0.0,23,72,32,17,6.8,0,0.26,3.0,0,MEDIUM,1
V154,Retail,0.4,8,568,14,562,6,0.4,0.99,576,173079,2.3,8,24,9,7,10.2,0,0.25,4.7,0,LOW,0
V155,Logistics,0.5,22,1070,44,976,94,2.3,0.91,1073,13999,2.5,21,56,24,11,9.8,0,0.21,3.3,0,LOW,1
V156,IT Services,0.2,3,117,3,115,2,0.7,0.99,125,7909,2.0,0,0,0,0,9.7,0,0.0,5.0,1,LOW,0
V157,Manufacturing,0.3,18,260,10,257,3,0.4,0.99,265,5000,0.4,2,9,3,4,4.2,0,0.04,4.3,0,LOW,0
V158,Food & Beverage,0.6,24,560,20,554,6,1.0,0.99,558,15232,4.9,8,25,9,8,5.1,0,0.09,4.6,0,LOW,0
V159,Retail,0.4,16,270,11,244,26,0.3,0.91,272,47959,1.9,3,12,4,5,2.7,0,0.06,3.8,0,LOW,1
V160,Healthcare,0.5,14,230,6,226,4,0.7,0.99,228,97996,0.1,4,12,5,3,5.3,0,0.07,4.0,0,LOW,0
V161,Construction,0.7,25,230,9,156,74,3.9,0.68,234,12977,11.9,4,18,6,8,3.5,0,0.06,3.4,0,MEDIUM,1
V162,Food & Beverage,0.6,24,510,19,336,174,0.5,0.66,508,10566,5.7,12,37,12,13,6.1,0,0.13,2.7,0,MEDIUM,1
V163,Logistics,0.5,10,260,5,200,60,1.8,0.77,265,24008,1.3,5,18,8,5,2.9,2,0.15,2.3,0,MEDIUM,1
V164,Chemicals,0.8,3,216,7,129,87,0.9,0.6,219,13592,4.2,6,20,7,7,5.7,0,0.56,2.5,0,MEDIUM,0
V165,Healthcare,0.5,17,1250,46,1100,150,1.2,0.88,1248,20377,1.4,21,76,27,28,2.6,1,0.37,4.2,0,LOW,0
V166,Textiles,0.4,10,1860,69,1827,33,0.2,0.98,1858,31652,2.0,19,71,29,23,10.0,0,0.59,4.9,0,LOW,1
V167,Healthcare,0.5,25,1430,60,1415,15,0.2,0.99,1429,42461,3.9,11,46,14,21,13.8,0,0.15,4.4,0,LOW,0
V168,Food & Beverage,0.6,13,1320,58,982,338,1.7,0.74,1322,10553,6.4,30,98,42,26,10.1,2,0.63,3.4,0,MEDIUM,1
V169,Food & Beverage,0.6,2,454,21,401,53,0.0,0.89,462,17064,2.5,5,18,5,8,5.7,2,0.75,4.0,0,MEDIUM,1
V170,Food & Beverage,0.6,23,1170,56,1122,48,0.6,0.96,1178,16257,5.2,14,66,20,32,5.1,0,0.24,2.9,0,LOW,0
V171,Chemicals,0.8,23,540,28,438,102,5.2,0.81,546,9510,0.3,12,42,13,17,3.4,0,0.15,3.0,0,MEDIUM,1
V172,Food & Beverage,0.6,13,890,40,719,171,1.3,0.81,894,19870,11.6,14,55,20,21,7.0,0,0.35,4.5,0,MEDIUM,1
V173,Electronics,0.3,17,760,29,752,8,0.9,0.99,761,37207,0.7,4,18,8,6,7.1,0,0.09,3.6,0,LOW,0
V174,Construction,0.7,5,155,8,116,39,7.1,0.75,158,43155,0.4,2,11,3,6,5.0,0,0.18,4.1,0,MEDIUM,0
V175,IT Services,0.2,25,1190,50,1123,67,2.0,0.94,1200,20119,5.0,14,40,18,8,3.6,1,0.13,4.2,0,LOW,0
V176,Chemicals,0.8,20,1010,47,881,129,2.7,0.87,1015,42590,0.4,20,78,30,28,8.1,0,0.33,3.4,0,MEDIUM,1
V177,Healthcare,0.5,19,250,8,243,7,0.5,0.97,248,16378,0.7,2,9,3,4,3.8,0,0.04,4.7,0,LOW,0
V178,Manufacturing,0.3,10,640,34,633,7,0.0,0.99,638,45903,0.1,9,25,11,5,6.4,2,0.21,3.9,0,LOW,0
V179,Electronics,0.3,19,230,12,227,3,1.1,0.99,228,86999,1.2,3,8,3,2,6.7,0,0.04,5.0,0,LOW,1
V180,Chemicals,0.8,5,165,9,136,29,0.2,0.83,163,10483,1.9,3,14,6,5,2.2,0,0.23,2.7,0,MEDIUM,1
V181,IT Services,0.2,6,216,8,213,3,0.4,0.99,214,12363,1.4,1,3,1,1,3.7,0,0.04,4.2,1,LOW,0
V182,Chemicals,0.8,12,670,20,462,208,2.1,0.69,674,21621,3.6,17,61,22,22,26.7,0,0.42,3.5,0,MEDIUM,1
V183,Logistics,0.5,4,144,10,108,36,0.9,0.75,151,25509,0.1,2,9,4,3,6.6,0,0.19,3.2,0,MEDIUM,0
V184,Chemicals,0.8,11,500,19,452,48,0.8,0.9,498,19317,0.3,11,34,16,7,4.2,1,0.26,4.0,0,MEDIUM,1
V185,Food & Beverage,0.6,23,760,29,579,181,6.2,0.76,758,47048,3.9,17,56,24,15,2.6,1,0.2,2.6,0,MEDIUM,1
V186,Construction,0.7,24,200,5,184,16,1.2,0.92,198,78097,3.2,5,15,6,4,11.3,0,0.05,3.4,0,MEDIUM,1
V187,Healthcare,0.5,7,336,16,293,43,0.9,0.87,341,11264,3.2,5,22,10,7,10.6,2,0.26,3.9,0,MEDIUM,1
V188,Healthcare,0.5,4,172,8,170,2,0.1,0.99,170,23146,2.0,2,9,4,3,4.1,0,0.19,4.5,0,LOW,0
V189,Food & Beverage,0.6,6,276,9,187,89,0.7,0.68,276,78628,13.3,6,23,8,9,5.0,1,0.32,3.0,0,MEDIUM,0
V190,Retail,0.4,20,550,36,544,6,0.0,0.99,554,20163,0.3,4,14,4,6,2.1,0,0.06,4.8,0,LOW,0
V191,Textiles,0.4,7,350,12,346,4,0.5,0.99,356,15774,3.5,4,11,5,2,22.7,0,0.13,4.8,0,LOW,0
V192,Healthcare,0.5,17,440,16,435,5,0.1,0.99,448,124556,2.9,5,16,7,4,11.0,0,0.08,5.0,0,LOW,0
V193,Healthcare,0.5,16,380,13,289,91,0.9,0.76,386,13737,6.8,10,27,11,6,6.1,0,0.14,2.7,0,MEDIUM,0
V194,IT Services,0.2,25,490,22,485,5,0.3,0.99,490,66234,1.9,4,14,5,5,3.1,0,0.05,5.0,0,LOW,0
V195,IT Services,0.2,8,176,10,174,2,1.0,0.99,185,52742,5.8,0,1,0,1,2.8,0,0.01,5.0,1,LOW,0
V196,Logistics,0.5,3,357,16,290,67,1.0,0.81,363,41763,1.0,4,20,9,7,5.6,1,0.56,3.2,0,MEDIUM,0
V197,Logistics,0.5,5,600,30,594,6,0.1,0.99,598,24090,0.2,8,23,9,6,11.6,0,0.38,4.8,0,LOW,0
V198,Textiles,0.4,1,69,1,47,22,1.9,0.68,67,67786,2.4,0,0,0,0,2.7,0,0.0,4.6,0,LOW,0
V199,Chemicals,0.8,4,148,5,116,32,0.0,0.78,152,51876,4.0,2,10,3,5,11.0,1,0.21,3.8,0,MEDIUM,1
V200,Chemicals,0.8,4,292,13,239,53,2.0,0.82,302,18712,1.6,7,25,10,8,2.3,0,0.52,3.0,0,MEDIUM,0
V201,Construction,0.7,1,25,2,15,10,1.1,0.62,31,40481,0.2,0,0,0,0,5.5,0,0.0,3.6,0,MEDIUM,0
V202,Electronics,0.3,3,66,1,65,1,0.2,0.99,64,10207,3.3,0,1,0,1,15.2,0,0.03,4.5,1,LOW,0
V203,Logistics,0.5,1,138,7,75,63,2.6,0.55,144,26472,2.0,1,6,2,3,2.4,1,0.5,4.0,0,MEDIUM,0
V204,Chemicals,0.8,11,1010,43,931,79,0.2,0.92,1009,10521,2.1,18,69,25,26,3.7,0,0.52,4.2,0,MEDIUM,0
V205,Textiles,0.4,16,690,26,683,7,0.2,0.99,690,22367,2.5,2,13,5,6,2.3,0,0.07,4.5,0,LOW,0
V206,Healthcare,0.5,7,175,10,155,20,1.7,0.89,173,5000,2.0,3,10,4,3,8.1,0,0.12,3.5,0,MEDIUM,0
V207,Electronics,0.3,2,58,6,55,3,1.5,0.95,59,16569,0.1,0,1,0,1,4.2,1,0.04,3.6,0,LOW,0
V208,Logistics,0.5,12,310,11,230,80,0.2,0.74,318,13999,3.5,6,19,9,4,11.5,0,0.13,4.4,0,MEDIUM,1
V209,Construction,0.7,16,730,30,643,87,1.4,0.88,736,7541,1.0,13,53,16,24,2.7,0,0.28,3.2,0,MEDIUM,1
V210,Food & Beverage,0.6,6,426,16,421,5,0.1,0.99,430,15857,1.4,5,23,8,10,2.3,0,0.32,4.3,0,MEDIUM,0
V211,Textiles,0.4,14,560,20,554,6,0.3,0.99,560,8149,1.0,6,23,8,9,5.8,0,0.14,4.4,0,LOW,0
V212,Logistics,0.5,14,1850,77,1818,32,0.2,0.98,1853,45043,1.5,34,87,42,11,20.7,0,0.52,4.5,0,LOW,1
V213,Food & Beverage,0.6,24,200,5,170,30,0.6,0.85,200,103675,1.4,2,11,4,5,2.0,0,0.04,3.7,0,LOW,0
V214,Manufacturing,0.3,8,904,43,816,88,0.9,0.9,910,5000,0.1,11,40,16,13,3.3,0,0.42,3.4,0,LOW,0
V215,Textiles,0.4,12,530,26,524,6,1.6,0.99,539,27741,0.2,2,9,3,4,4.3,0,0.06,4.7,0,LOW,0
V216,Healthcare,0.5,4,272,14,226,46,0.5,0.83,270,36250,1.0,4,19,7,8,7.6,0,0.4,4.2,0,MEDIUM,0
V217,IT Services,0.2,9,369,22,365,4,0.6,0.99,378,20415,0.1,3,9,3,3,2.8,0,0.08,3.8,0,LOW,0
V218,Textiles,0.4,5,135,5,132,3,0.2,0.98,133,18390,1.6,1,8,3,4,4.8,0,0.13,4.4,0,LOW,0
V219,Logistics,0.5,23,290,11,287,3,1.6,0.99,288,39678,0.4,4,14,6,4,17.1,1,0.05,4.3,0,LOW,0
V220,Construction,0.7,17,350,14,344,6,0.0,0.98,352,25919,0.6,7,18,8,3,9.9,1,0.09,4.1,0,LOW,0
V221,Textiles,0.4,18,1810,82,1630,180,0.4,0.9,1816,18198,2.0,38,107,43,26,7.5,0,0.5,4.2,0,LOW,0
V222,IT Services,0.2,13,540,20,509,31,0.4,0.94,550,6308,0.8,6,22,8,8,11.4,0,0.14,4.2,0,LOW,0
V223,Construction,0.7,21,250,10,247,3,0.1,0.99,248,17205,1.0,3,13,5,5,4.5,0,0.05,4.0,0,LOW,0
V224,Electronics,0.3,6,264,18,261,3,0.2,0.99,263,11107,1.7,2,7,3,2,4.2,0,0.1,5.0,0,LOW,0
V225,Electronics,0.3,6,198,5,176,22,4.5,0.89,198,43753,1.7,3,8,2,3,4.9,0,0.11,4.7,0,MEDIUM,0
V226,Electronics,0.3,3,108,8,106,2,0.4,0.99,111,12699,3.9,0,0,0,0,3.2,0,0.0,4.5,1,LOW,0
V227,Healthcare,0.5,3,69,2,68,1,0.9,0.99,69,15232,0.8,1,5,1,3,7.9,0,0.14,3.7,0,MEDIUM,0
V228,Chemicals,0.8,19,1240,52,937,303,1.7,0.76,1238,43924,0.2,22,105,51,32,20.1,0,0.46,1.9,0,MEDIUM,0
V229,Healthcare,0.5,25,380,13,376,4,0.9,0.99,388,50038,1.1,5,18,7,6,3.8,0,0.06,4.7,0,LOW,0
V230,Healthcare,0.5,10,300,11,297,3,0.8,0.99,310,94819,2.2,4,12,5,3,2.4,0,0.1,3.4,0,LOW,0
V231,IT Services,0.2,6,486,15,481,5,0.0,0.99,495,24472,0.6,2,7,2,3,6.6,0,0.1,5.0,0,LOW,0
V232,Logistics,0.5,11,250,10,247,3,0.2,0.99,256,64986,1.2,2,9,3,4,14.7,0,0.07,5.0,0,LOW,0
V233,Logistics,0.5,4,340,19,278,62,1.3,0.82,343,37798,0.8,5,21,6,10,21.2,2,0.44,3.9,0,MEDIUM,1
V234,Food & Beverage,0.6,14,540,21,534,6,0.8,0.99,542,10802,0.1,8,23,11,4,11.1,0,0.14,5.0,0,LOW,0
V235,Retail,0.4,16,800,28,792,8,1.7,0.99,809,82425,0.1,9,24,9,6,5.5,0,0.12,4.5,0,LOW,1
V236,Food & Beverage,0.6,8,800,34,732,68,0.2,0.92,801,7207,6.2,13,49,15,21,7.6,1,0.51,3.3,0,MEDIUM,0
V237,Textiles,0.4,1,69,3,51,18,2.4,0.75,67,25422,0.7,0,4,1,3,3.8,0,0.33,3.1,0,MEDIUM,1
V238,Food & Beverage,0.6,13,850,34,766,84,2.3,0.9,848,12889,3.5,17,57,21,19,4.0,0,0.37,2.7,0,MEDIUM,1
V239,Food & Beverage,0.6,25,430,27,411,19,0.1,0.96,433,93760,1.6,9,27,8,10,9.0,0,0.09,3.3,0,LOW,0
V240,Food & Beverage,0.6,11,480,20,384,96,10.6,0.8,486,17493,4.0,7,30,12,11,8.1,0,0.23,3.1,0,MEDIUM,1
V241,Manufacturing,0.3,23,410,16,353,57,0.5,0.86,415,5168,0.7,6,20,6,8,7.3,1,0.07,3.6,0,LOW,0
V242,Construction,0.7,20,240,11,189,51,3.1,0.79,245,72396,2.8,4,17,7,6,3.9,0,0.07,3.8,0,MEDIUM,0
V243,Chemicals,0.8,17,650,19,470,180,2.7,0.72,660,29050,3.6,18,59,23,18,7.7,0,0.29,3.2,0,MEDIUM,1
V244,Logistics,0.5,14,340,13,336,4,0.1,0.99,344,9279,2.8,6,17,7,4,14.3,0,0.1,4.2,0,LOW,0
V245,Healthcare,0.5,25,340,13,336,4,0.5,0.99,342,20196,2.0,2,13,5,6,3.4,0,0.04,4.9,0,LOW,0
V246,Chemicals,0.8,13,200,4,187,13,0.9,0.94,199,43566,3.4,3,16,6,7,2.4,1,0.1,4.6,0,MEDIUM,0
V247,Retail,0.4,11,1010,43,887,123,2.0,0.88,1018,43535,1.5,16,58,19,23,2.4,0,0.44,3.5,0,MEDIUM,0
V248,Chemicals,0.8,24,580,21,574,6,1.1,0.99,578,66633,1.8,8,39,13,18,7.0,0,0.14,4.4,0,MEDIUM,1
V249,Textiles,0.4,11,810,32,801,9,0.0,0.99,810,26482,3.5,12,32,11,9,3.7,0,0.24,3.9,0,LOW,0
V250,Healthcare,0.5,7,371,23,367,4,0.7,0.99,373,126655,0.6,4,16,5,7,2.9,0,0.19,3.7,0,LOW,0
V251,Healthcare,0.5,23,230,10,227,3,0.9,0.99,231,5869,3.1,4,12,4,4,3.8,0,0.04,4.4,0,LOW,0
V252,Healthcare,0.5,19,410,23,361,49,0.7,0.88,417,26244,0.4,8,24,11,5,11.8,0,0.11,5.0,0,LOW,0
V253,Healthcare,0.5,23,1100,54,956,144,0.3,0.87,1098,7108,2.2,28,75,32,15,3.0,1,0.27,3.3,0,LOW,0
V254,Retail,0.4,18,280,6,271,9,0.1,0.97,283,16630,0.9,5,16,5,6,2.6,0,0.07,3.9,0,LOW,0
V255,Chemicals,0.8,2,112,2,59,53,0.7,0.53,114,12521,9.6,3,13,4,6,6.8,1,0.54,3.7,0,HIGH,1
V256,Textiles,0.4,25,790,36,571,219,2.1,0.72,789,60792,2.0,16,42,20,6,5.8,0,0.14,3.4,0,LOW,1
V257,Textiles,0.4,7,462,13,457,5,0.1,0.99,466,9837,1.0,4,18,5,9,13.3,0,0.21,2.8,0,LOW,0
V258,Chemicals,0.8,24,200,7,142,58,3.9,0.71,198,76458,5.2,4,17,7,6,11.3,0,0.06,3.1,0,MEDIUM,0
V259,Manufacturing,0.3,13,400,20,396,4,1.1,0.99,410,16356,1.3,1,5,2,2,2.4,0,0.03,4.9,0,LOW,0
V260,Manufacturing,0.3,19,590,39,531,59,1.6,0.9,588,18143,3.3,7,29,14,8,4.8,1,0.13,3.3,0,LOW,0
V261,Textiles,0.4,5,195,6,193,2,0.0,0.99,204,57988,0.5,0,4,1,3,7.4,0,0.07,5.0,1,LOW,0
V262,Textiles,0.4,23,230,16,227,3,0.5,0.99,230,26652,2.0,1,5,2,2,2.9,0,0.02,4.9,0,LOW,0
V263,Retail,0.4,21,830,30,677,153,0.7,0.82,837,10049,1.1,13,44,13,18,13.9,0,0.17,3.2,0,LOW,0
V264,Construction,0.7,16,1060,47,1049,11,0.2,0.99,1065,7391,8.4,10,52,19,23,7.1,0,0.27,4.8,0,LOW,0
V265,Healthcare,0.5,10,350,11,346,4,0.2,0.99,348,5613,2.2,3,11,4,4,10.4,0,0.09,4.4,0,LOW,1
V266,IT Services,0.2,6,144,4,142,2,0.0,0.99,151,15793,1.6,1,6,2,3,2.2,0,0.08,4.8,0,LOW,0
V267,Healthcare,0.5,21,390,14,386,4,0.4,0.99,394,41966,0.1,5,16,5,6,2.5,1,0.06,4.7,0,LOW,1
V268,Construction,0.7,20,1170,40,1009,161,0.7,0.86,1176,30756,1.1,28,85,41,16,7.3,0,0.35,4.2,0,MEDIUM,0
V269,Retail,0.4,22,200,14,198,2,0.5,0.99,198,12667,5.3,2,7,3,2,15.2,0,0.03,3.9,0,LOW,1
V270,Chemicals,0.8,18,2000,92,1414,586,2.7,0.71,2001,20616,3.4,55,182,60,67,7.7,2,0.84,2.7,0,MEDIUM,0
V271,Textiles,0.4,7,378,18,295,83,0.5,0.78,388,52450,2.0,6,18,7,5,6.6,0,0.21,3.4,0,MEDIUM,1
V272,Construction,0.7,15,750,38,709,41,0.0,0.95,748,37163,3.6,15,54,24,15,11.1,2,0.3,4.3,0,MEDIUM,0
V273,Food & Beverage,0.6,1,53,1,30,23,7.6,0.57,54,37752,2.6,1,5,1,3,6.5,0,0.42,3.0,0,HIGH,0
V274,Electronics,0.3,3,198,11,196,2,1.1,0.99,208,29397,1.3,0,0,0,0,11.4,0,0.0,5.0,1,LOW,1
V275,Food & Beverage,0.6,13,230,8,187,43,1.9,0.82,239,10884,0.9,4,15,6,5,2.5,0,0.1,2.7,0,MEDIUM,0
V276,Electronics,0.3,12,1000,38,880,120,0.4,0.88,998,15040,0.9,17,43,16,10,7.6,0,0.3,3.5,0,LOW,1
V277,Retail,0.4,25,310,17,306,4,0.1,0.99,308,15059,0.2,2,8,3,3,5.3,0,0.03,5.0,0,LOW,0
V278,Food & Beverage,0.6,8,216,8,213,3,0.9,0.99,225,19599,1.8,2,10,3,5,8.5,0,0.1,4.0,0,LOW,0
V279,IT Services,0.2,22,750,28,674,76,0.3,0.9,758,51285,1.3,10,31,14,7,8.8,0,0.12,4.5,0,LOW,1
V280,Retail,0.4,20,420,23,346,74,1.2,0.82,418,105123,0.3,7,25,11,7,3.1,1,0.1,3.4,0,LOW,1
V281,Manufacturing,0.3,8,488,21,463,25,1.2,0.95,489,42647,0.9,3,14,6,5,7.4,0,0.15,3.6,0,LOW,0
V282,Chemicals,0.8,20,360,11,267,93,5.2,0.74,365,32221,10.5,7,30,9,14,6.2,0,0.12,3.0,0,MEDIUM,1
V283,Retail,0.4,9,387,20,375,12,0.9,0.97,385,9462,3.2,7,18,8,3,3.0,0,0.17,3.7,0,LOW,0
V284,Food & Beverage,0.6,2,246,8,193,53,0.0,0.79,252,29619,3.0,5,17,7,5,8.9,0,0.71,4.1,0,MEDIUM,1
V285,Food & Beverage,0.6,10,500,19,452,48,0.1,0.9,507,21432,1.0,10,30,11,9,3.2,0,0.25,3.6,0,MEDIUM,0
V286,Healthcare,0.5,5,255,13,252,3,0.3,0.99,264,153152,15.4,2,7,3,2,9.3,0,0.12,3.9,0,LOW,0
V287,Construction,0.7,9,963,33,746,217,2.1,0.78,964,7258,2.9,23,71,34,14,14.1,1,0.66,2.4,0,MEDIUM,0
V288,IT Services,0.2,7,777,26,769,8,0.3,0.99,775,12458,1.9,3,14,5,6,3.6,0,0.17,4.8,0,LOW,1
V289,IT Services,0.2,25,430,22,407,23,2.2,0.95,431,31522,0.5,3,14,6,5,7.7,0,0.05,4.0,0,LOW,0
V290,Manufacturing,0.3,7,161,5,155,6,0.0,0.97,159,24143,5.4,3,9,3,3,3.5,0,0.11,4.1,0,LOW,0
V291,Chemicals,0.8,13,760,28,636,124,1.0,0.84,762,57256,9.9,14,56,19,23,2.1,1,0.36,3.2,0,MEDIUM,1
V292,Logistics,0.5,12,240,9,194,46,1.3,0.81,250,13788,5.3,3,14,6,5,2.3,0,0.1,3.1,0,MEDIUM,1
V293,Logistics,0.5,12,280,13,277,3,0.3,0.99,285,35770,0.6,2,10,4,4,5.2,0,0.07,5.0,0,LOW,0
V294,Manufacturing,0.3,19,630,34,623,7,0.7,0.99,638,41582,1.1,5,24,8,11,4.6,1,0.11,3.5,0,LOW,0
V295,Retail,0.4,21,1390,54,1332,58,0.1,0.96,1395,11984,0.8,19,55,21,15,4.8,1,0.22,4.3,0,LOW,0
V296,Textiles,0.4,24,360,15,356,4,0.5,0.99,366,6574,0.2,2,13,5,6,6.0,0,0.05,4.0,0,LOW,0
V297,Electronics,0.3,2,82,8,81,1,0.4,0.99,80,24182,1.2,0,0,0,0,2.6,0,0.0,5.0,1,LOW,0
V298,Food & Beverage,0.6,21,870,37,627,243,0.6,0.72,872,5000,8.4,21,62,18,23,10.5,1,0.25,3.5,0,MEDIUM,1
V299,Logistics,0.5,21,1940,79,1461,479,0.8,0.75,1950,145464,1.9,39,134,40,55,3.5,1,0.53,3.5,0,MEDIUM,1
V300,Manufacturing,0.3,24,520,19,456,64,2.5,0.88,523,7494,0.2,10,27,8,9,5.1,0,0.09,3.3,0,LOW,0
V301,Food & Beverage,0.6,6,666,23,659,7,0.2,0.99,664,34949,1.8,8,29,10,11,3.8,1,0.4,4.4,0,LOW,0
V302,Healthcare,0.5,9,513,20,507,6,0.5,0.99,520,23364,2.5,4,17,6,7,2.4,0,0.16,4.7,0,LOW,0
V303,Retail,0.4,3,78,3,70,8,0.8,0.91,76,5000,3.6,0,1,0,1,10.4,0,0.03,3.2,0,LOW,0
V304,Manufacturing,0.3,3,75,4,74,1,0.3,0.99,85,15107,3.5,0,2,0,2,2.2,0,0.06,4.5,1,LOW,0
V305,IT Services,0.2,2,58,3,57,1,1.4,0.99,60,17052,5.0,0,0,0,0,7.0,0,0.0,4.4,1,LOW,0
V306,Healthcare,0.5,3,267,11,214,53,1.7,0.8,270,47817,0.3,6,20,6,8,10.9,2,0.56,3.6,0,MEDIUM,0
V307,Logistics,0.5,7,301,18,226,75,2.2,0.75,300,74531,0.7,8,23,11,4,6.3,0,0.27,3.2,0,MEDIUM,1
V308,Chemicals,0.8,13,850,33,612,238,4.9,0.72,855,19350,4.6,27,77,25,25,3.5,1,0.49,3.3,0,MEDIUM,0
V309,IT Services,0.2,12,660,30,653,7,0.1,0.99,658,6961,0.7,3,11,5,3,6.0,0,0.08,4.4,0,LOW,0
V310,Chemicals,0.8,13,470,12,453,17,0.1,0.97,475,7096,0.8,8,27,12,7,2.1,2,0.17,4.3,0,MEDIUM,0
V311,Retail,0.4,13,330,13,312,18,0.7,0.95,338,13095,0.1,4,14,6,4,6.4,0,0.09,3.6,0,LOW,1
V312,Chemicals,0.8,8,176,10,135,41,1.7,0.77,174,33937,0.8,3,13,4,6,3.3,1,0.14,3.3,0,MEDIUM,0
V313,Construction,0.7,11,250,10,244,6,0.0,0.98,256,10147,2.0,2,13,6,5,4.9,0,0.1,4.3,0,LOW,0
V314,Healthcare,0.5,3,84,4,52,32,0.9,0.62,84,6944,2.3,1,6,2,3,2.3,0,0.17,2.5,0,MEDIUM,0
V315,Manufacturing,0.3,18,440,21,360,80,6.5,0.82,438,47859,4.5,7,22,8,7,3.8,0,0.1,3.0,0,MEDIUM,1
V316,Healthcare,0.5,25,750,37,667,83,2.6,0.89,748,7305,2.7,16,43,20,7,4.2,0,0.14,3.7,0,LOW,0
V317,Chemicals,0.8,22,350,16,275,75,1.9,0.79,357,44905,2.9,5,26,9,12,4.6,0,0.1,3.8,0,MEDIUM,1
V318,IT Services,0.2,9,1035,47,903,132,1.2,0.87,1043,8498,2.9,10,34,10,14,3.5,1,0.31,3.7,0,LOW,1
V319,Retail,0.4,16,260,15,257,3,0.5,0.99,261,119186,2.3,1,9,3,5,6.3,0,0.05,5.0,0,LOW,0
V320,Logistics,0.5,13,320,15,316,4,0.5,0.99,325,9816,0.1,3,12,5,4,2.7,0,0.08,4.9,0,LOW,0
V321,Chemicals,0.8,11,1140,44,786,354,1.9,0.69,1141,37552,0.0,27,103,50,26,2.4,0,0.78,3.0,0,MEDIUM,0
V322,Healthcare,0.5,21,470,20,465,5,0.2,0.99,480,27422,0.1,7,21,7,7,13.1,0,0.08,4.4,0,LOW,0
V323,Food & Beverage,0.6,19,610,25,522,88,0.6,0.86,611,9918,7.5,16,41,13,12,4.6,0,0.18,3.1,0,MEDIUM,0
V324,Manufacturing,0.3,15,570,28,564,6,0.6,0.99,571,19620,0.0,3,9,4,2,3.6,0,0.05,5.0,0,LOW,1
V325,Food & Beverage,0.6,5,370,17,366,4,0.4,0.99,374,6338,1.3,4,18,5,9,2.7,0,0.3,3.7,0,MEDIUM,0
V326,Food & Beverage,0.6,20,450,13,334,116,3.7,0.74,460,6017,0.0,10,36,14,12,5.9,2,0.15,2.7,0,MEDIUM,0
V327,Food & Beverage,0.6,12,560,15,553,7,0.2,0.99,558,5000,0.8,10,30,12,8,2.5,0,0.21,3.9,0,LOW,0
V328,Chemicals,0.8,21,570,25,406,164,1.2,0.71,577,9723,3.3,20,51,19,12,7.7,0,0.2,2.2,0,MEDIUM,1
V329,Healthcare,0.5,24,270,13,249,21,1.8,0.93,272,44483,2.8,4,17,6,7,12.3,0,0.06,3.9,0,LOW,0
V330,Electronics,0.3,1,30,1,24,6,1.0,0.83,40,177379,3.8,0,0,0,0,3.1,0,0.0,3.3,0,LOW,1
V331,Construction,0.7,11,260,19,238,22,1.2,0.92,269,11588,0.3,5,18,6,7,2.3,0,0.14,3.9,0,MEDIUM,1
V332,Textiles,0.4,10,330,15,326,4,0.0,0.99,328,158081,0.6,4,18,8,6,3.8,0,0.15,3.9,0,LOW,0
V333,Construction,0.7,24,1340,63,1315,25,0.5,0.98,1342,86349,1.9,16,72,23,33,3.1,1,0.25,4.6,0,LOW,0
V334,Textiles,0.4,13,210,9,184,26,4.1,0.88,210,13103,1.8,2,9,3,4,19.4,0,0.06,3.6,0,MEDIUM,1
V335,Chemicals,0.8,15,230,10,227,3,0.3,0.99,238,7202,3.1,3,15,5,7,2.3,0,0.08,4.1,0,MEDIUM,0
V336,IT Services,0.2,18,1740,62,1722,18,0.5,0.99,1740,5000,0.8,7,29,11,11,2.7,0,0.13,5.0,0,LOW,0
V337,Textiles,0.4,21,280,14,277,3,0.5,0.99,285,11147,4.1,3,12,4,5,6.3,0,0.05,4.3,0,LOW,0
V338,Logistics,0.5,20,240,9,237,3,0.1,0.99,240,17646,1.8,3,11,3,5,2.4,1,0.05,4.0,0,LOW,0
V339,IT Services,0.2,11,640,32,633,7,0.9,0.99,638,14699,3.1,1,7,2,4,3.6,1,0.05,5.0,0,LOW,0
V340,Electronics,0.3,20,220,10,212,8,0.8,0.96,219,11215,1.2,2,9,3,4,7.2,0,0.04,4.0,0,LOW,0
V341,Construction,0.7,16,220,11,196,24,2.3,0.89,224,66258,2.7,3,13,6,4,4.7,1,0.07,3.0,0,MEDIUM,0
V342,Logistics,0.5,16,690,30,683,7,0.0,0.99,689,89357,1.5,7,21,10,4,3.3,0,0.11,5.0,0,LOW,0
V343,Textiles,0.4,16,240,9,225,15,0.7,0.94,248,12731,0.1,4,13,5,4,4.5,0,0.07,2.9,0,LOW,1
V344,Manufacturing,0.3,8,888,29,879,9,0.0,0.99,892,24997,1.7,3,14,5,6,12.5,0,0.15,4.5,0,LOW,0
V345,Textiles,0.4,25,1800,55,1782,18,0.0,0.99,1810,39990,5.8,20,69,28,21,11.2,0,0.23,3.5,0,LOW,0
V346,Electronics,0.3,12,420,27,415,5,0.2,0.99,418,10003,0.0,2,10,3,5,7.5,0,0.07,5.0,0,LOW,0
V347,Retail,0.4,2,92,2,70,22,0.3,0.77,101,13157,6.3,1,4,1,2,6.6,0,0.17,3.4,0,MEDIUM,0
V348,IT Services,0.2,8,264,6,261,3,0.8,0.99,265,36735,1.3,1,5,1,3,14.8,0,0.05,5.0,0,LOW,0
V349,Food & Beverage,0.6,5,180,10,132,48,3.9,0.74,181,64724,1.6,4,12,4,4,6.3,1,0.2,2.9,0,MEDIUM,1
V350,Chemicals,0.8,11,460,20,384,76,2.2,0.84,464,8386,0.4,11,36,17,8,2.9,4,0.27,4.3,0,MEDIUM,1
V351,IT Services,0.2,25,410,19,353,57,1.4,0.86,418,7697,1.7,4,12,5,3,2.9,0,0.04,5.0,0,LOW,1
V352,Construction,0.7,23,310,16,257,53,1.3,0.83,315,30664,0.9,8,23,10,5,7.9,0,0.08,3.9,0,MEDIUM,1
V353,Chemicals,0.8,21,990,46,789,201,0.9,0.8,998,21251,1.6,21,74,31,22,6.6,0,0.29,2.7,0,MEDIUM,0
V354,IT Services,0.2,24,860,48,851,9,0.3,0.99,863,27799,1.6,8,23,8,7,4.6,0,0.08,4.1,0,LOW,0
V355,Logistics,0.5,25,1330,48,1316,14,1.1,0.99,1328,64493,1.8,25,65,27,13,10.3,0,0.22,4.3,0,LOW,0
V356,IT Services,0.2,13,620,20,613,7,0.1,0.99,621,9746,1.6,2,7,2,3,6.4,0,0.04,4.5,0,LOW,0
V357,Healthcare,0.5,19,670,19,595,75,0.4,0.89,669,6042,0.7,14,39,17,8,4.6,1,0.17,4.4,0,LOW,0
V358,Manufacturing,0.3,21,1000,54,927,73,0.3,0.93,1009,19784,1.7,10,46,21,15,7.4,0,0.18,4.2,0,LOW,0
V359,Manufacturing,0.3,14,1540,59,1524,16,0.1,0.99,1541,34575,0.3,9,26,12,5,11.8,0,0.15,4.4,0,LOW,0
V360,Healthcare,0.5,12,900,42,742,158,1.6,0.83,903,38549,0.7,15,57,27,15,9.6,1,0.4,3.4,0,MEDIUM,1
V361,Food & Beverage,0.6,24,1880,75,1861,19,0.4,0.99,1882,53887,0.7,34,104,45,25,5.5,0,0.36,4.9,0,LOW,1
V362,Textiles,0.4,19,880,31,689,191,0.9,0.78,882,39992,4.8,17,52,15,20,4.3,1,0.23,3.2,0,LOW,0
V363,IT Services,0.2,14,1130,44,1118,12,0.1,0.99,1129,10628,0.6,2,12,4,6,3.9,0,0.07,4.8,0,LOW,0
V364,IT Services,0.2,12,1170,57,1143,27,0.1,0.98,1174,30683,2.3,11,40,18,11,4.0,0,0.28,4.0,0,LOW,0
V365,Construction,0.7,19,710,30,532,178,5.9,0.75,708,11906,0.4,20,62,24,18,17.2,0,0.27,3.6,0,MEDIUM,1
V366,Construction,0.7,20,1030,57,1019,11,1.0,0.99,1039,32922,4.1,11,53,16,26,7.7,0,0.22,3.9,0,LOW,0
V367,Chemicals,0.8,12,1230,43,1084,146,2.8,0.88,1238,134123,1.5,31,87,30,26,2.9,2,0.6,3.8,0,MEDIUM,0
V368,Retail,0.4,20,660,27,653,7,0.9,0.99,664,12172,3.7,5,27,12,10,7.6,0,0.11,4.4,0,LOW,0
V369,Retail,0.4,17,420,23,415,5,1.1,0.99,421,8706,0.1,5,19,8,6,18.3,0,0.09,3.5,0,LOW,0
V370,Retail,0.4,4,136,5,134,2,0.4,0.99,138,20724,0.9,1,6,1,4,4.1,0,0.12,4.3,0,LOW,0
V371,Manufacturing,0.3,11,490,27,485,5,2.0,0.99,489,22570,0.6,2,8,3,3,2.4,0,0.06,4.2,0,LOW,0
V372,Construction,0.7,25,470,24,465,5,0.9,0.99,468,8140,1.8,7,25,7,11,3.5,0,0.08,4.9,0,LOW,1
V373,Manufacturing,0.3,13,550,20,544,6,1.3,0.99,554,22495,0.8,3,11,4,4,2.3,0,0.07,4.3,0,LOW,0
V374,Food & Beverage,0.6,18,200,8,142,58,0.4,0.71,199,5000,1.4,3,15,4,8,6.9,0,0.07,3.2,0,MEDIUM,0
V375,Construction,0.7,13,250,8,231,19,0.6,0.93,248,14069,1.8,5,17,7,5,7.6,0,0.11,3.8,0,MEDIUM,0
V376,Manufacturing,0.3,14,530,18,501,29,7.3,0.95,528,8305,0.0,7,22,6,9,4.6,0,0.13,4.6,0,MEDIUM,0
V377,Construction,0.7,23,1050,40,693,357,0.2,0.66,1049,10304,0.6,18,92,36,38,6.1,0,0.33,2.1,0,MEDIUM,1
V378,Electronics,0.3,24,1240,63,1227,13,0.2,0.99,1243,18952,0.7,6,22,9,7,3.9,0,0.08,4.7,0,LOW,0
V379,IT Services,0.2,1,96,2,95,1,0.4,0.99,101,13796,0.2,0,1,0,1,17.6,0,0.08,4.9,1,LOW,0
V380,Chemicals,0.8,16,1160,59,999,161,3.3,0.86,1169,11623,1.0,23,88,35,30,4.4,0,0.46,3.2,0,MEDIUM,1
V381,Logistics,0.5,25,590,19,464,126,2.1,0.79,588,8973,3.2,13,39,12,14,8.7,0,0.13,3.5,0,MEDIUM,0
V382,Manufacturing,0.3,1,24,1,15,9,0.1,0.66,26,19261,0.1,0,0,0,0,3.0,0,0.0,3.9,0,LOW,1
V383,Manufacturing,0.3,23,440,28,435,5,2.0,0.99,448,28833,1.0,2,11,4,5,9.5,0,0.04,3.9,0,LOW,0
V384,Healthcare,0.5,19,270,16,267,3,0.8,0.99,276,17988,0.8,2,7,3,2,7.0,0,0.03,4.3,0,LOW,0
V385,Electronics,0.3,13,280,13,277,3,0.1,0.99,278,16150,0.5,1,5,2,2,3.8,0,0.03,5.0,0,LOW,0
V386,IT Services,0.2,1,42,1,41,1,0.3,0.99,48,13034,0.2,0,0,0,0,12.8,0,0.0,4.9,1,LOW,0
V387,Retail,0.4,19,400,19,372,28,0.1,0.93,410,69359,1.9,5,15,6,4,3.4,0,0.07,3.9,0,LOW,0
V388,Construction,0.7,14,1400,48,961,439,7.8,0.69,1398,42732,2.4,36,117,49,32,12.8,1,0.7,2.6,0,MEDIUM,1
V389,Manufacturing,0.3,1,30,1,29,1,0.2,0.99,37,39962,2.9,1,3,0,2,4.1,2,0.25,4.9,1,MEDIUM,0
V390,Retail,0.4,2,64,5,50,14,2.0,0.78,63,44281,1.7,1,5,1,3,9.2,1,0.21,3.9,0,MEDIUM,1
V391,Electronics,0.3,12,480,25,475,5,0.8,0.99,489,44826,3.7,4,19,6,9,4.5,0,0.13,5.0,0,LOW,0
V392,Food & Beverage,0.6,19,490,24,334,156,3.0,0.68,488,39573,2.4,12,38,12,14,3.1,0,0.17,2.8,0,MEDIUM,1
V393,Logistics,0.5,13,890,37,881,9,0.3,0.99,895,38113,4.6,8,29,10,11,5.7,0,0.19,4.5,0,LOW,0
V394,Construction,0.7,19,260,8,229,31,0.1,0.88,258,57543,2.4,3,14,5,6,2.8,0,0.06,4.3,0,LOW,0
V395,IT Services,0.2,25,650,31,643,7,0.2,0.99,651,32477,2.1,3,13,4,6,2.4,0,0.04,4.5,0,LOW,0
V396,Construction,0.7,10,1040,45,971,69,1.0,0.93,1038,14585,6.1,21,59,21,17,2.5,2,0.49,4.5,0,MEDIUM,1
V397,Retail,0.4,13,480,15,475,5,0.1,0.99,478,38968,0.5,3,13,6,4,2.2,0,0.08,5.0,0,LOW,0
V398,Food & Beverage,0.6,18,740,30,732,8,0.6,0.99,742,23139,0.9,9,31,14,8,2.3,0,0.14,4.8,0,LOW,0
V399,Manufacturing,0.3,25,260,9,253,7,0.1,0.98,262,80069,1.0,2,11,4,5,6.8,1,0.04,3.7,0,LOW,0
V400,IT Services,0.2,9,576,19,570,6,0.5,0.99,574,17165,1.5,2,7,2,3,4.0,0,0.06,5.0,0,LOW,0
V401,Construction,0.7,11,310,17,215,95,3.2,0.69,308,9643,1.7,9,24,7,8,3.6,0,0.18,3.3,0,MEDIUM,0
V402,Food & Beverage,0.6,13,1470,61,1455,15,0.7,0.99,1480,21381,1.2,18,67,25,24,14.7,0,0.43,4.0,0,LOW,0
V403,Construction,0.7,15,600,29,527,73,0.4,0.88,599,32115,2.0,14,45,19,12,4.8,0,0.25,2.9,0,MEDIUM,0
V404,Textiles,0.4,18,550,27,513,37,1.3,0.93,560,71506,0.6,4,21,7,10,4.7,0,0.1,4.0,0,LOW,0
V405,Electronics,0.3,18,490,21,435,55,0.2,0.89,488,7171,0.9,7,20,7,6,2.5,0,0.09,4.1,0,LOW,0
V406,Textiles,0.4,19,800,29,790,10,0.3,0.99,805,111410,0.7,9,37,11,17,3.9,1,0.16,3.9,0,LOW,0
V407,Manufacturing,0.3,25,530,30,524,6,0.2,0.99,533,29722,3.8,1,5,1,3,6.1,0,0.02,4.9,0,LOW,0
V408,Chemicals,0.8,6,396,24,392,4,0.1,0.99,394,95053,1.6,7,22,7,8,12.6,1,0.31,4.4,0,MEDIUM,0
V409,Manufacturing,0.3,8,544,16,538,6,0.2,0.99,551,68007,0.4,3,10,4,3,9.1,0,0.1,5.0,0,LOW,0
V410,Retail,0.4,24,220,7,213,7,0.3,0.97,226,15310,0.1,1,9,3,5,5.0,0,0.03,4.4,0,LOW,0
V411,Chemicals,0.8,7,896,27,617,279,5.3,0.69,906,47113,0.4,21,82,32,29,15.7,3,0.98,2.9,0,MEDIUM,1
V412,Retail,0.4,1,40,3,36,4,2.4,0.9,50,19299,1.0,0,0,0,0,3.7,0,0.0,4.4,1,LOW,0
V413,Logistics,0.5,11,380,14,376,4,0.1,0.99,378,18271,5.9,2,13,5,6,3.2,0,0.1,4.1,0,LOW,0
V414,IT Services,0.2,12,660,27,653,7,0.1,0.99,658,19048,1.3,2,6,2,2,2.9,0,0.04,4.8,0,LOW,0
V415,Logistics,0.5,5,225,10,207,18,0.1,0.92,225,78581,0.9,6,16,7,3,21.3,0,0.27,4.1,0,MEDIUM,0
V416,Logistics,0.5,18,830,36,680,150,6.0,0.82,836,5000,1.0,16,51,23,12,19.0,0,0.24,2.2,0,MEDIUM,1
V417,Healthcare,0.5,24,240,14,193,47,1.6,0.81,238,10436,4.2,7,18,6,5,3.1,0,0.06,3.1,0,MEDIUM,0
V418,Chemicals,0.8,20,1980,83,1394,586,1.9,0.7,1985,14288,0.6,43,180,74,63,2.7,0,0.75,3.4,0,MEDIUM,0
V419,Construction,0.7,3,285,12,201,84,8.4,0.71,287,8381,1.3,8,21,7,6,24.2,1,0.58,3.3,0,MEDIUM,0
V420,IT Services,0.2,22,810,25,801,9,0.2,0.99,815,19973,1.9,1,9,3,5,4.8,0,0.03,4.4,0,LOW,0
V421,Logistics,0.5,4,384,22,294,90,1.5,0.77,382,307950,4.4,5,20,8,7,13.2,0,0.42,3.9,0,MEDIUM,0
V422,Food & Beverage,0.6,13,1830,76,1658,172,0.5,0.91,1836,5000,1.0,30,112,52,30,4.6,1,0.72,4.1,0,MEDIUM,0
V423,Chemicals,0.8,22,630,17,557,73,0.4,0.89,632,5000,1.1,13,45,20,12,2.5,0,0.17,4.0,0,MEDIUM,1
V424,Manufacturing,0.3,4,560,34,495,65,0.3,0.88,558,23051,0.0,4,20,7,9,3.5,0,0.42,4.4,0,LOW,0
V425,Electronics,0.3,3,237,14,234,3,0.1,0.99,242,11968,1.0,1,5,2,2,4.1,0,0.14,5.0,0,LOW,0
V426,Food & Beverage,0.6,6,588,26,582,6,0.8,0.99,596,10306,2.1,4,23,8,11,3.5,0,0.32,4.1,0,LOW,0
V427,Food & Beverage,0.6,24,720,30,707,13,1.0,0.98,723,35292,0.5,10,40,13,17,6.2,1,0.14,3.7,0,LOW,1
V428,Chemicals,0.8,16,240,10,213,27,3.0,0.89,239,47075,10.2,4,16,6,6,4.9,0,0.08,3.3,0,MEDIUM,1
V429,Chemicals,0.8,4,228,6,179,49,1.2,0.79,226,5000,0.6,3,17,6,8,3.9,1,0.35,4.4,0,MEDIUM,1
V430,IT Services,0.2,13,2000,76,1895,105,1.9,0.95,2010,10106,2.3,21,56,19,16,2.3,1,0.36,4.4,0,LOW,0
V431,Food & Beverage,0.6,13,310,17,237,73,0.7,0.77,316,73504,0.4,6,21,7,8,17.3,0,0.13,3.0,0,MEDIUM,0
V432,Retail,0.4,19,680,29,673,7,0.2,0.99,678,10453,1.1,5,17,7,5,8.1,0,0.07,4.4,0,LOW,1
V433,Logistics,0.5,14,420,27,415,5,0.4,0.99,422,9019,3.0,3,17,6,8,11.8,0,0.1,5.0,0,LOW,0
V434,Electronics,0.3,16,380,8,376,4,0.0,0.99,382,5000,2.4,2,9,3,4,9.3,0,0.05,4.2,0,LOW,0
V435,Manufacturing,0.3,17,1030,39,1019,11,2.2,0.99,1029,65950,0.5,10,28,10,8,7.4,0,0.14,4.6,0,LOW,0
V436,Construction,0.7,7,252,10,249,3,0.4,0.99,251,26113,3.0,2,10,4,4,5.7,0,0.12,4.8,0,LOW,0
V437,Construction,0.7,9,297,12,292,5,0.2,0.98,302,5743,0.9,7,19,5,7,5.1,0,0.18,3.8,0,MEDIUM,0
V438,Food & Beverage,0.6,9,846,41,792,54,0.2,0.94,855,62014,2.6,16,46,19,11,7.2,0,0.43,4.1,0,LOW,0
V439,Food & Beverage,0.6,5,285,6,217,68,0.4,0.76,284,5000,3.5,7,23,10,6,9.9,0,0.38,3.2,0,MEDIUM,0
V440,IT Services,0.2,4,204,7,201,3,0.1,0.99,208,14672,1.0,1,5,2,2,16.3,0,0.1,4.4,0,LOW,0
V441,Textiles,0.4,16,1100,50,1082,18,0.5,0.98,1098,56779,0.8,9,39,12,18,30.0,0,0.2,4.5,0,LOW,0
V442,Food & Beverage,0.6,11,210,14,148,62,1.3,0.71,212,37831,1.8,4,14,6,4,2.3,0,0.11,3.5,0,MEDIUM,0
V443,Manufacturing,0.3,10,510,30,504,6,0.0,0.99,514,5000,7.2,6,18,8,4,4.2,0,0.15,4.8,0,LOW,0
V444,Retail,0.4,24,740,34,591,149,1.1,0.8,749,31268,0.1,10,40,15,15,6.6,1,0.14,3.2,0,LOW,1
V445,Retail,0.4,14,490,20,485,5,0.1,0.99,500,37395,1.1,8,22,10,4,11.1,1,0.13,3.4,0,LOW,0
V446,Construction,0.7,23,250,13,177,73,5.6,0.71,257,5000,2.4,7,20,8,5,2.5,0,0.07,2.6,0,MEDIUM,1
V447,Construction,0.7,7,441,14,346,95,0.1,0.78,439,29631,0.2,7,35,10,18,6.3,1,0.42,3.7,0,MEDIUM,1
V448,Retail,0.4,15,360,16,296,64,4.1,0.82,367,7651,0.9,7,20,8,5,2.7,0,0.11,4.2,0,MEDIUM,1
V449,Textiles,0.4,6,456,21,451,5,0.8,0.99,466,76361,2.4,5,18,6,7,11.0,0,0.25,4.7,0,LOW,0
V450,Healthcare,0.5,23,360,17,356,4,1.6,0.99,358,23834,0.4,2,14,4,8,8.2,0,0.05,4.2,0,LOW,0
V451,Retail,0.4,21,330,10,326,4,1.2,0.99,332,111544,0.3,2,11,4,5,7.2,0,0.04,5.0,0,LOW,0
V452,Manufacturing,0.3,5,325,16,321,4,0.3,0.99,325,27698,0.7,4,12,4,4,3.7,0,0.2,4.3,0,LOW,0
V453,Healthcare,0.5,23,610,22,603,7,1.2,0.99,613,10480,0.4,9,26,12,5,19.3,0,0.09,4.4,0,LOW,0
V454,Retail,0.4,22,370,11,366,4,0.0,0.99,377,85697,0.3,3,17,6,8,2.7,0,0.06,4.0,0,LOW,0
V455,Logistics,0.5,20,300,7,297,3,0.4,0.99,304,6240,2.3,4,14,5,5,7.7,0,0.06,4.6,0,LOW,0
V456,Healthcare,0.5,9,558,18,552,6,0.6,0.99,561,7399,3.2,9,27,12,6,2.6,2,0.25,4.6,0,LOW,0
V457,Construction,0.7,8,552,22,502,50,4.1,0.91,550,10163,8.5,11,40,14,15,3.0,2,0.42,3.6,0,MEDIUM,1
V458,Manufacturing,0.3,10,1410,62,1395,15,0.1,0.99,1413,93887,0.3,9,34,15,10,10.7,0,0.28,3.9,0,LOW,0
V459,Chemicals,0.8,11,720,28,658,62,2.6,0.91,722,34006,22.0,15,51,23,13,3.2,0,0.39,4.0,0,MEDIUM,0
V460,Logistics,0.5,6,858,36,820,38,0.1,0.96,858,13271,0.2,9,42,13,20,3.6,1,0.58,3.6,0,LOW,1
V461,Electronics,0.3,6,144,8,142,2,0.3,0.99,149,25252,3.7,1,5,1,3,5.0,0,0.07,4.4,0,LOW,0
V462,Healthcare,0.5,11,420,19,397,23,0.7,0.95,426,25408,1.3,6,22,8,8,10.5,0,0.17,3.9,0,LOW,0
V463,Manufacturing,0.3,19,990,43,980,10,0.5,0.99,988,5029,1.1,6,16,6,4,2.8,0,0.07,4.6,0,LOW,0
V464,Food & Beverage,0.6,14,860,32,755,105,0.3,0.88,858,16888,4.3,11,49,16,22,2.8,0,0.29,4.4,0,MEDIUM,0
V465,Chemicals,0.8,15,210,6,191,19,2.5,0.91,209,47657,2.7,4,13,4,5,3.2,0,0.07,4.6,0,MEDIUM,1
V466,Logistics,0.5,6,276,9,273,3,0.6,0.99,281,11167,0.5,3,15,5,7,6.9,0,0.21,2.8,0,MEDIUM,0
V467,Construction,0.7,6,1746,72,1608,138,2.4,0.92,1756,25049,1.8,25,114,44,45,8.3,2,1.58,2.9,0,MEDIUM,1
V468,Food & Beverage,0.6,13,1430,56,1415,15,0.4,0.99,1428,44508,0.4,17,57,25,15,4.4,0,0.37,5.0,0,LOW,0
V469,Logistics,0.5,17,680,27,673,7,0.3,0.99,681,13748,5.2,8,25,10,7,8.2,0,0.12,4.0,0,LOW,0
V470,Logistics,0.5,4,912,41,799,113,1.3,0.88,919,35605,0.6,17,54,18,19,8.3,4,1.12,3.2,0,MEDIUM,0
V471,Healthcare,0.5,15,400,15,396,4,0.1,0.99,405,42846,0.7,4,13,6,3,4.6,0,0.07,4.7,0,LOW,0
V472,Textiles,0.4,7,280,15,267,13,0.1,0.96,280,36686,0.1,2,13,4,7,6.9,0,0.15,4.6,0,LOW,0
V473,Retail,0.4,19,430,17,425,5,0.3,0.99,430,13573,4.6,3,11,4,4,13.9,0,0.05,4.3,0,LOW,1
V474,Healthcare,0.5,20,1010,50,999,11,1.5,0.99,1008,239994,2.1,16,41,17,8,2.1,1,0.17,5.0,0,LOW,0
V475,Manufacturing,0.3,4,108,1,94,14,2.6,0.88,116,36957,0.0,1,6,2,3,5.9,0,0.12,3.3,0,MEDIUM,0
V476,Construction,0.7,22,770,32,563,207,2.0,0.73,768,33081,0.6,17,62,19,26,12.3,0,0.23,2.6,0,MEDIUM,1
V477,Chemicals,0.8,5,140,8,129,11,0.2,0.92,148,16562,2.4,2,8,3,3,6.0,0,0.13,4.1,0,MEDIUM,0
V478,IT Services,0.2,20,1160,38,1148,12,0.2,0.99,1161,12903,2.0,8,23,11,4,4.2,0,0.1,4.7,0,LOW,0
V479,Food & Beverage,0.6,2,66,4,48,18,0.4,0.73,76,61279,1.7,1,3,1,1,2.9,0,0.12,3.3,0,MEDIUM,1
V480,Manufacturing,0.3,4,220,16,217,3,0.8,0.99,230,5000,0.2,1,4,1,2,3.4,1,0.08,4.6,1,LOW,1
V481,IT Services,0.2,21,290,12,287,3,0.4,0.99,292,19219,1.6,1,3,1,1,4.2,0,0.01,5.0,1,LOW,0
V482,IT Services,0.2,2,68,3,67,1,0.6,0.99,72,20807,3.0,0,0,0,0,4.1,0,0.0,4.8,1,LOW,0
V483,IT Services,0.2,2,122,4,120,2,0.6,0.99,120,52427,0.8,0,0,0,0,13.8,0,0.0,4.9,1,LOW,0
V484,Textiles,0.4,9,477,12,472,5,1.4,0.99,475,20688,5.1,3,10,3,4,5.9,0,0.09,5.0,0,LOW,0
V485,Textiles,0.4,13,800,29,750,50,1.1,0.94,810,40934,0.7,13,40,18,9,2.8,0,0.26,4.5,0,LOW,1
V486,Manufacturing,0.3,6,348,8,344,4,0.1,0.99,346,43721,2.0,2,6,2,2,10.1,0,0.08,4.9,0,LOW,0
V487,Textiles,0.4,13,420,21,311,109,2.9,0.74,426,281816,5.8,4,24,10,10,6.3,0,0.15,4.1,0,MEDIUM,0
V488,Construction,0.7,16,270,15,240,30,0.5,0.89,268,11080,0.9,5,20,6,9,5.4,0,0.1,2.9,0,MEDIUM,0
V489,Manufacturing,0.3,22,2000,64,1980,20,0.0,0.99,2002,13067,3.6,17,46,18,11,5.6,0,0.17,4.1,0,LOW,0
V490,Chemicals,0.8,22,310,11,220,90,0.7,0.71,312,11143,0.4,7,28,12,9,2.8,0,0.11,3.5,0,MEDIUM,1
V491,Electronics,0.3,20,710,33,702,8,0.1,0.99,708,13709,0.2,2,8,2,4,8.1,0,0.03,5.0,0,LOW,0
V492,Textiles,0.4,3,72,3,71,1,0.0,0.99,82,7599,1.0,0,1,0,1,4.2,0,0.03,4.8,1,LOW,1
V493,Retail,0.4,13,1010,34,978,32,0.8,0.97,1017,15164,2.5,7,37,14,16,3.1,0,0.24,4.4,0,LOW,0
V494,IT Services,0.2,15,260,10,257,3,1.2,0.99,265,6173,1.0,0,0,0,0,11.3,0,0.0,5.0,1,LOW,1
V495,Food & Beverage,0.6,18,710,32,617,93,2.0,0.87,708,8964,4.2,15,43,21,7,6.7,0,0.2,4.0,0,MEDIUM,0
V496,Electronics,0.3,21,240,10,237,3,0.2,0.99,249,20930,1.6,1,6,1,4,6.8,0,0.02,4.4,0,LOW,0
V497,Textiles,0.4,25,1100,40,1015,85,5.5,0.92,1110,26588,3.7,17,54,23,14,5.5,1,0.18,4.4,0,LOW,1
V498,Retail,0.4,12,410,25,299,111,2.4,0.73,414,126517,0.6,7,26,11,8,4.3,1,0.18,3.9,0,MEDIUM,1
V499,Construction,0.7,23,1070,46,857,213,2.5,0.8,1078,43036,6.1,18,73,24,31,4.8,1,0.26,3.4,0,MEDIUM,1
V500,Food & Beverage,0.6,7,1197,46,879,318,6.4,0.73,1202,11433,3.9,29,83,25,29,3.9,2,0.99,3.2,0,MEDIUM,1
